324503,Vangelis Pavlidis
326029,Donyell Malen
136109,Alexei Coselev
129554,Steven Berghuis
315283,Kaj Sierhuis
235540,Oussama Tannane
119061,Tim Coremans
206743,Mike Havekotte
119066,Bryan Smeets
315291,Haji Wright
323740,Aitor Cantalapiedra
164897,Jean-Christophe Bahebeck
288426,Xavier Mous
36139,Dusan Tadic
396077,Maarten Paes
25520,Remko Pasveer
122421,Adam Maher
84281,Dennis Telgenkamp
81173,Janis Blaswich
360518,Teun Koopmeiners
333640,JoÃ«l Drommel
38346,Thorsten Kirschbaum
56523,Michiel Kramer
111180,Warner Hahn
205006,Rick Karsdorp
30290,Kenneth Vermeer
124884,Marco Bizot
79573,Sergio Padt
205924,Marko Kolar
191834,Johnatan Opoku
204047,Matus Bero
228572,Hicham Faik
196829,Timon Wellenreuther
66783,Charlison Benschop
250464,Clint Leemans
235108,Luuk Koopmans
63342,Leroy Fer
39665,Tomas Necid
255474,Simon Gustafson
187507,Mark Diemers
308469,Kees Heemskerk
345590,Jens Odgaard
387197,Etienne Vaessen
96382,Ariel Harush
50303,Tim Matavz
